"name","substanceId","casNo","ecNo","pubchem_cid","pubchem"
"water","92472","7732-18-5","231-791-2 (I)",962,"https://pubchem.ncbi.nlm.nih.gov/compound/962"
"ammonium hydroxide","31870","1336-21-6","215-647-6",14923,"https://pubchem.ncbi.nlm.nih.gov/compound/14923"
"soluble collagen","78527",,,,""
"cetearyl alcohol","75132","67762-27-0 / 8005-44-5","267-008-6 / -",62238,"https://pubchem.ncbi.nlm.nih.gov/compound/62238"
"stearyl alcohol","38319","112-92-5","204-017-6",8221,"https://pubchem.ncbi.nlm.nih.gov/compound/8221"
"ceteareth-20","75105","68439-49-6",,,""
"isostearyl alcohol","34752","27458-93-1","248-470-8",62825,"https://pubchem.ncbi.nlm.nih.gov/compound/62825"
"ceteareth-12","75097","68439-49-6",,,""
"ceteareth-30","75114","68439-49-6",,,""
"batyl alcohol","32087","544-62-7","208-874-7",3681,"https://pubchem.ncbi.nlm.nih.gov/compound/3681"
"ppg-11 stearyl ether","37064","25231-21-4",,62793,"https://pubchem.ncbi.nlm.nih.gov/compound/62793"
"steareth-20","78992","9005-00-9 (Generic)",,75050,"https://pubchem.ncbi.nlm.nih.gov/compound/75050"
"steareth-2","78990","9005-00-9 (Generic) / 16057-43-5","500-017-8 / -",75050,"https://pubchem.ncbi.nlm.nih.gov/compound/75050"
"ppg-15 stearyl ether","37082","25231-21-4",,62793,"https://pubchem.ncbi.nlm.nih.gov/compound/62793"
"steareth-100","78984","9005-00-9 (Generic)",,75050,"https://pubchem.ncbi.nlm.nih.gov/compound/75050"
"steareth-4","79061","9005-00-9 (Generic) / 59970-10-4",,75050,"https://pubchem.ncbi.nlm.nih.gov/compound/75050"
"steareth-10","78982","9005-00-9 (Generic) / 13149-86-5",,,""
"steareth-6","79066","9005-00-9 (Generic) / 2420-29-3",,75493,"https://pubchem.ncbi.nlm.nih.gov/compound/75493"
"ppg-15 stearyl ether benzoate","79860","-","-",,""
"isosteareth-20","34742","52292-17-8",,,""
"methyl gluceth-20 benzoate","78262","-","-",,""
"capryloyl salicylic acid","32421","70424-62-3",,,""
"octyldodecyl stearoyl stearate","35635","90052-75-8","289-991-0",174782,"https://pubchem.ncbi.nlm.nih.gov/compound/Octyldodecyl-stearoyl-stearate"
"pentaerythrityl tetraisostearate","36473","62125-22-8","263-423-1",173849,"https://pubchem.ncbi.nlm.nih.gov/compound/173849"
"glyceryl stearate se","76256","11099-07-3","234-325-6",93066,"https://pubchem.ncbi.nlm.nih.gov/compound/93066"
"polyglyceryl-3 diisostearate","78891","66082-42-6 / 85666-92-8","- / -",,""
"trihydroxystearin","38718","139-44-6","205-364-6",25100,"https://pubchem.ncbi.nlm.nih.gov/compound/25100"
"steareth-21","79291","9005-00-9 (Generic)",,75050,"https://pubchem.ncbi.nlm.nih.gov/compound/75050"
"glyceryl stearate citrate","76253","55840-13-6 / 86418-55-5","259-855-5",,""
"ceteareth-25","75108","68439-49-6",,,""
"gelatin","33983","9000-70-8","232-554-6",,""
"gelatin crosspolymer","56326",,,,""
"betaphycus gelatinum extract","54748",,,,""
"hydrolyzed gelatin","34430","68410-45-7","270-082-2",,""
"peg-150 distearate","77715","9005-08-7","-",16211945,"https://pubchem.ncbi.nlm.nih.gov/compound/16211945"
"potassium cetyl phosphate","79512","84861-79-0; 19035-79-1","284-374-2; 242-768-1",23672321,"https://pubchem.ncbi.nlm.nih.gov/compound/23672321"
"menthol","35228","1490-04-6 / 2216-51-5 / 89-78-1 / 15356-70-4","216-074-4 / 218-690-9 / 201-939-0 / 239-388-3",16666,"https://pubchem.ncbi.nlm.nih.gov/compound/16666"
"menthyl acetate","78157","89-48-5","201-911-8",27867,"https://pubchem.ncbi.nlm.nih.gov/compound/27867"
"menthyl anthranilate","78158","134-09-8","205-129-8",8633,"https://pubchem.ncbi.nlm.nih.gov/compound/8633"
"polysorbate 80","36902","9005-65-6",,443315,"https://pubchem.ncbi.nlm.nih.gov/compound/443315"
"polysorbate 61","79322","9005-67-8",,,""
"snail secretion filtrate","58704",,,,""
"amodimethicone","31907","71750-80-6","-",,""
"trimethylsiloxyamodimethicone","59865",,,,""
"bis-hydroxy/methoxy amodimethicone","85389","831241-93-1","-",,""
"peg-7 amodimethicone","57155","133779-14-3",,,""
"trimethylsilylamodimethicone","80399",,,,""
"bis-cetearyl amodimethicone","87257","1126942-72-0","-",,""
"amodimethicone/morpholinomethyl silsesquioxane copolymer","90195","1293390-78-9",,,""
"methoxy amodimethicone/silsesquioxane copolymer","57950",,,,""
"trideceth-9 pg-amodimethicone","59819","-","-",,""
"glyceryl oleate","76237","25496-72-4 / 111-03-5","247-038-6",33022,"https://pubchem.ncbi.nlm.nih.gov/compound/33022"
"polyglyceryl-3 polyricinoleate","78902","29894-35-7 / 235783-76-3","- / -",,""
"polyglyceryl-6 polyricinoleate","58637","107615-51-0","-",,""
"peg-18 glyceryl oleate/cocoate","77809",,,,""
"polyglyceryl-10 oleate","78764","79665-93-3","279-230-0",,""
"polyglyceryl-2 oleate","78784","49553-76-6 / 9007-48-1",,6435909,"https://pubchem.ncbi.nlm.nih.gov/compound/6435909"
"glyceryl linoleate","34084","26545-74-4(1)/ 37348-65-5(2)/ 2277-28-3(3)","218-901-4 (1)/ 247-788-4 (2)",117319,"https://pubchem.ncbi.nlm.nih.gov/compound/117319"
"triolein","38756","122-32-7","204-534-7",5497163,"https://pubchem.ncbi.nlm.nih.gov/compound/5497163"
"glyceryl ricinoleate","76247","1323-38-2 / 141-08-2","215-353-8",5928432,"https://pubchem.ncbi.nlm.nih.gov/compound/5928432"
"polyglyceryl-5 oleate","78922","86529-98-8","-",6435909,"https://pubchem.ncbi.nlm.nih.gov/compound/6435909"
"pca glyceryl oleate","77189","84608-82-2","283-393-3",,""
"adansonia digitata seed extract","54410","91745-12-9","294-680-8",,""
"benzyl alcohol","32153","100-51-6","202-859-9",244,"https://pubchem.ncbi.nlm.nih.gov/compound/244"
"phenethyl alcohol","36519","60-12-8","200-456-2",6054,"https://pubchem.ncbi.nlm.nih.gov/compound/6054"
"t-butyl alcohol","38478","75-65-0","200-889-7",6386,"https://pubchem.ncbi.nlm.nih.gov/compound/6386"
"arbutin","74362","497-76-7","207-850-3",440936,"https://pubchem.ncbi.nlm.nih.gov/compound/440936"
"alpha-arbutin","54359","84380-01-8","617-561-8",,""
"carnitine","74832","541-15-1","208-768-0",10917,"https://pubchem.ncbi.nlm.nih.gov/compound/10917"
"mannose","57702","3458-28-4","222-392-4",18950,"https://pubchem.ncbi.nlm.nih.gov/compound/18950"
"bis-peg-18 methyl ether dimethyl silane","54713",,,,""
"peg-11 methyl ether dimethicone","57428",,,,""
"isononyl isononanoate","76782","59219-71-5 / 42131-25-9","261-665-2 / -",,""
"ethylhexyl isononanoate","33881","71566-49-9","275-637-2",160064,"https://pubchem.ncbi.nlm.nih.gov/compound/160064"
"isotridecyl isononanoate","34773","59231-37-7","261-675-7",6451827,"https://pubchem.ncbi.nlm.nih.gov/compound/6451827"
"isodecyl isononanoate","76753","59231-35-5 / 41395-89-5","261-674-1",,""
"triisononanoin","38720","56554-53-1 / 206354-95-2","260-257-1 / -",92447,"https://pubchem.ncbi.nlm.nih.gov/compound/92447"
"tridecyl isononanoate","38693","125804-18-4",,,""
"hydroxyethyl acrylate/sodium acryloyldimethyl taurate copolymer","56798","111286-86-3",,,""
"carbomer","74820","9007-20-9 / 9003-01-4 / 76050-42-5 / 9062-04-8 / 9007-16-3 / 9007-17-4","- / - / - / - / - / -",6581,"https://pubchem.ncbi.nlm.nih.gov/compound/6581"
"sodium carbomer","79264","73298-57-4",,,""
"potassium carbomer","36940","-","-",,""
"peg-40 hydrogenated castor oil","78452","61788-85-0","-",,""
"peg-60 hydrogenated castor oil","77219","61788-85-0","-",,""
"peg-6 hydrogenated castor oil","57041","61788-85-0","500-147-5",,""
"peg-2 hydrogenated castor oil","77822","61788-85-0","500-147-5",,""
"peg-50 hydrogenated castor oil isostearate","77040",,,,""
"peg-100 hydrogenated castor oil","77451","61788-85-0","-",,""
"peg-80 hydrogenated castor oil","77480","61788-85-0","-",,""
"peg-10 hydrogenated castor oil","77352","61788-85-0",,,""
"alpha-isomethyl ionone","39665","127-51-5","204-846-3",5372174,"https://pubchem.ncbi.nlm.nih.gov/compound/5372174"
"laureth-7","34924","3055-97-8 / 68439-50-9 / 9002-92-0","221-283-9 / 500-213-3 / 500-002-6",76459,"https://pubchem.ncbi.nlm.nih.gov/compound/76459"
"laureth-4","34915","5274-68-0 / 9002-92-0 / 68439-50-9","226-097-1 / 500-002-6 / 500-213-3",78933,"https://pubchem.ncbi.nlm.nih.gov/compound/78933"
"ppg-14 butyl ether","79852","9003-13-8",,24752,"https://pubchem.ncbi.nlm.nih.gov/compound/24752"
"ppg-5-ceteth-20","78589","9087-53-0 / 37311-01-6",,61429,"https://pubchem.ncbi.nlm.nih.gov/compound/61429"
"laureth-23","76947","9002-92-0",,24750,"https://pubchem.ncbi.nlm.nih.gov/compound/24750"
"ppg-26-buteth-26","80039","9038-95-3 / 9065-63-8",,24838540,"https://pubchem.ncbi.nlm.nih.gov/compound/24838540"
"laureth-9","34930","3055-99-0 / 9002-92-0 / 68439-50-9","221-284-4 / 500-002-6 / 500-213-3",656641,"https://pubchem.ncbi.nlm.nih.gov/compound/656641"
"laureth-12","76933","3056-00-6 / 9002-92-0","221-286-5",76460,"https://pubchem.ncbi.nlm.nih.gov/compound/76460"
"sodium laureth-12 sulfate","79585","9004-82-4","266-192-5",23665884,"https://pubchem.ncbi.nlm.nih.gov/compound/23665884"